page,pdf_name,label_text
1,Zone de texte 8_54,
1,Case #C3#A0 cocher 1,
1,Case #C3#A0 cocher 2,
1,Zone de texte 8,
1,Zone de texte 8_2,
1,Zone de texte 8_3,
1,Zone de texte 8_14,
1,Zone de texte 8_13,
1,Zone de texte 8_4,
1,Zone de texte 8_8,
1,Zone de texte 8_7,
1,Zone de texte 8_9,
1,Zone de texte 8_10,
1,Zone de texte 8_5,
1,Zone de texte 8_11,
1,Zone de texte 8_12,
1,Zone de texte 8_6,
1,Case #C3#A0 cocher 2_2,
1,Zone de texte 8_15,
1,Zone de texte 8_16,
1,Zone de texte 8_17,
1,Zone de texte 21_7,
1,Zone de texte 21_8,
1,Zone de texte 21_9,
1,Case #C3#A0 cocher 3,
1,Case #C3#A0 cocher 4,
1,Zone de texte 8_18,
1,Zone de texte 8_26,
1,Zone de texte 8_19,
1,Zone de texte 8_20,
1,Zone de texte 8_27,
1,Zone de texte 8_21,
1,Zone de texte 8_33,
1,Zone de texte 8_34,
1,Zone de texte 8_22,
1,Case #C3#A0 cocher 5,
1,Case #C3#A0 cocher 5_2,
1,Zone de texte 8_23,
1,Zone de texte 8_24,
1,Case #C3#A0 cocher 5_3,
1,Case #C3#A0 cocher 5_4,
1,Zone de texte 8_25,
1,Case #C3#A0 cocher 5_5,
1,Case #C3#A0 cocher 5_6,
1,Case #C3#A0 cocher 5_7,
1,Case #C3#A0 cocher 5_8,
1,Zone de texte 8_35,
1,Zone de texte 8_28,
1,Zone de texte 8_29,
1,Zone de texte 8_37,
1,Zone de texte 8_36,
1,Zone de texte 8_30,
1,Zone de texte 8_38,
1,Zone de texte 8_39,
1,Zone de texte 8_31,
1,Zone de texte 8_40,
1,Zone de texte 8_32,
1,Zone de texte 8_41,
1,Case #C3#A0 cocher 5_9,
1,Case #C3#A0 cocher 5_10,
1,Zone de texte 8_42,
1,Zone de texte 8_46,Nom et prénom ou dénomination :
1,Zone de texte 8_43,
1,Zone de texte 8_47,Nom et prénom ou dénomination :
1,Zone de texte 21_4,
1,Zone de texte 21_5,
1,Zone de texte 21_6,
1,Zone de texte 21,Nom et prénom ou dénomination :
1,Zone de texte 21_2,Nom et prénom ou dénomination :
1,Zone de texte 21_3,Nom et prénom ou dénomination :
1,Zone de texte 8_44,
1,Zone de texte 8_48,Nom et prénom ou dénomination :
1,Zone de texte 8_45,
1,Zone de texte 8_49,Nom et prénom ou dénomination :
1,Zone de texte 8_50,Nom et prénom ou dénomination :
1,Zone de texte 8_51,N°SIRET de l’établissement d’exécution du contrat :
1,Zone de texte 8_52,N°SIRET de l’établissement d’exécution du contrat :
1,Zone de texte 8_53,N°SIRET de l’établissement d’exécution du contrat :
1,Case #C3#A0 cocher 6,Nom et prénom ou dénomination :
2,Zone de texte 8_71,
2,Zone de texte 8_70,
2,Zone de texte 8_55,
2,Zone de texte 21_16,"Date de la décision : 
 / 
 / 
Numéro d’avenant :"
2,Zone de texte 21_17,"Date de la décision : 
 / 
 / 
Numéro d’avenant :"
2,Zone de texte 21_18,"Date de la décision : 
 / 
 / 
Numéro d’avenant :"
2,Zone de texte 21_19,"Date de la décision : 
 / 
 / 
Numéro d’avenant :"
2,Zone de texte 21_20,"Date de la décision : 
 / 
 / 
Numéro d’avenant :"
2,Zone de texte 21_21,"Date de la décision : 
 / 
 / 
Numéro d’avenant :"
2,Zone de texte 21_22,"Date de la décision : 
 / 
 / 
Numéro d’avenant :"
2,Zone de texte 21_23,"Date de la décision : 
 / 
 / 
Numéro d’avenant :"
2,Zone de texte 21_24,"Date de la décision : 
 / 
 / 
Numéro d’avenant :"
2,Zone de texte 21_13,N° SIRET de l’organisme :
2,Zone de texte 21_14,N° SIRET de l’organisme :
2,Zone de texte 21_15,N° SIRET de l’organisme :
2,Zone de texte 8_68,N° SIRET de l’organisme :
2,Zone de texte 8_69,N° SIRET de l’organisme :
2,Zone de texte 21_10,N° SIRET de l’organisme :
2,Zone de texte 21_11,N° SIRET de l’organisme :
2,Zone de texte 21_12,N° SIRET de l’organisme :
2,Case #C3#A0 cocher 5_13,N° SIRET de l’organisme :
2,Case #C3#A0 cocher 5_14,"Date de la décision : 
 / 
 / 
Numéro d’avenant :"
2,Zone de texte 21_81,
2,Zone de texte 21_82,
2,Zone de texte 21_83,
2,Zone de texte 21_84,
2,Zone de texte 21_85,
2,Zone de texte 21_86,
2,Zone de texte 8_95,
2,Zone de texte 8_96,
2,Zone de texte 21_87,
2,Zone de texte 21_88,
2,Zone de texte 21_89,
2,Zone de texte 21_90,N° SIRET de l’organisme :
2,Zone de texte 21_91,N° SIRET de l’organisme :
2,Zone de texte 21_92,N° SIRET de l’organisme :
2,Zone de texte 8_97,N° SIRET de l’organisme :
2,Zone de texte 8_98,N° SIRET de l’organisme :
2,Zone de texte 21_37,
2,Zone de texte 21_38,
2,Zone de texte 21_39,
2,Zone de texte 21_40,
2,Zone de texte 21_41,
2,Zone de texte 21_42,
2,Zone de texte 8_56,
2,Zone de texte 8_57,
2,Zone de texte 21_43,
2,Zone de texte 21_44,
2,Zone de texte 21_45,
2,Zone de texte 21_46,
2,Zone de texte 21_47,
2,Zone de texte 21_48,
2,Zone de texte 8_58,
2,Zone de texte 8_59,
2,Zone de texte 21_49,
2,Zone de texte 21_50,
2,Zone de texte 21_51,
2,Zone de texte 21_52,
2,Zone de texte 21_53,
2,Zone de texte 21_54,
2,Zone de texte 8_60,
2,Zone de texte 8_61,
2,Zone de texte 21_55,
2,Zone de texte 21_56,
2,Zone de texte 21_57,
2,Zone de texte 21_58,
2,Zone de texte 21_59,
2,Zone de texte 21_60,
2,Zone de texte 8_62,
2,Zone de texte 8_63,
2,Zone de texte 21_61,
2,Zone de texte 21_62,
2,Zone de texte 21_63,
2,Zone de texte 21_64,
2,Zone de texte 21_65,
2,Zone de texte 21_66,
2,Zone de texte 8_64,
2,Zone de texte 8_65,
2,Zone de texte 21_67,
2,Zone de texte 21_68,
2,Zone de texte 21_69,
2,Zone de texte 21_70,
2,Zone de texte 21_71,
2,Zone de texte 21_72,
2,Zone de texte 8_66,
2,Zone de texte 8_67,
2,Zone de texte 8_72,
2,Zone de texte 21_73,
2,Zone de texte 21_74,
2,Zone de texte 21_75,
2,Zone de texte 21_76,
2,Zone de texte 21_77,
2,Zone de texte 21_78,
2,Zone de texte 21_79,
2,Case #C3#A0 cocher 5_11,
2,Case #C3#A0 cocher 5_12,
2,Zone de texte 8_77,Visa du CFA (cachet et signature du directeur) :
2,Zone de texte 8_99,
2,Zone de texte 8_100,Visa du CFA (cachet et signature du directeur) :
2,Zone de texte 8_73,
2,Zone de texte 8_75,Visa du CFA (cachet et signature du directeur) :
2,Zone de texte 8_74,
2,Zone de texte 8_76,Visa du CFA (cachet et signature du directeur) :
2,Zone de texte 8_79,Visa du CFA (cachet et signature du directeur) :
2,Zone de texte 8_80,Visa du CFA (cachet et signature du directeur) :
2,Zone de texte 8_81,Visa du CFA (cachet et signature du directeur) :
2,Zone de texte 21_25,Visa du CFA (cachet et signature du directeur) :
2,Zone de texte 21_26,Visa du CFA (cachet et signature du directeur) :
2,Zone de texte 21_27,Visa du CFA (cachet et signature du directeur) :
2,Zone de texte 8_82,Visa du CFA (cachet et signature du directeur) :
2,Zone de texte 8_78,Visa du CFA (cachet et signature du directeur) :
2,Zone de texte 21_28,Visa du CFA (cachet et signature du directeur) :
2,Zone de texte 21_29,Visa du CFA (cachet et signature du directeur) :
2,Zone de texte 21_30,Visa du CFA (cachet et signature du directeur) :
2,Case #C3#A0 cocher 7,
2,Zone de texte 21_80,Visa du CFA (cachet et signature du directeur) :
2,Zone de texte 8_102,"N° UAI du CFA : 
N° SIRET CFA :"
2,Zone de texte 8_101,"/ 
 / 
Date prévue de fin des épreuves ou examens :"
2,Zone de texte 8_84,"/ 
 / 
Date prévue de fin des épreuves ou examens :"
2,Zone de texte 8_83,",
 €"
2,Zone de texte 8_86,Salaire brut mensuel à l’embauche :
2,Zone de texte 8_87,Salaire brut mensuel à l’embauche :
2,Zone de texte 8_88,Salaire brut mensuel à l’embauche :
2,Zone de texte 8_89,Salaire brut mensuel à l’embauche :
2,Zone de texte 8_85,Salaire brut mensuel à l’embauche :
2,Case #C3#A0 cocher 8,",
 €"
2,Zone de texte 8_90,Salaire brut mensuel à l’embauche :
2,Zone de texte 8_91,Durée hebdomadaire du travail :
2,Zone de texte 8_92,"/ 
 /"
2,Zone de texte 21_31,"/ 
 /"
2,Zone de texte 21_32,"/ 
 /"
2,Zone de texte 21_33,"/ 
 /"
2,Zone de texte 21_34,"/ 
 /"
2,Zone de texte 21_35,"/ 
 /"
2,Zone de texte 21_36,"/ 
 /"
2,Zone de texte 8_93,"/ 
 /"
2,Zone de texte 8_94,Durée hebdomadaire du travail :
